<?xml version="1.0" encoding="UTF-8"?>
<project-private xmlns="http://www.netbeans.org/ns/project-private/1">
    <editor-bookmarks xmlns="http://www.netbeans.org/ns/editor-bookmarks/2" lastBookmarkId="0"/>
    <open-files xmlns="http://www.netbeans.org/ns/projectui-open-files/2">
        <group>
            <file>file:/C:/Users/pirat/Documents/NetBeansProjects/wilson/wilson/src/wilson/producto/string.java</file>
            <file>file:/C:/Users/pirat/Documents/NetBeansProjects/wilson/wilson/src/wilson/producto/cdtasc.java</file>
            <file>file:/C:/Users/pirat/Documents/NetBeansProjects/wilson/wilson/src/wilson/ofertas.java</file>
            <file>file:/C:/Users/pirat/Documents/NetBeansProjects/wilson/wilson/src/wilson/informacion_moto.java</file>
            <file>file:/C:/Users/pirat/Documents/NetBeansProjects/wilson/wilson/src/wilson/informacion_tiendas.java</file>
            <file>file:/C:/Users/pirat/Documents/NetBeansProjects/wilson/wilson/src/wilson/distribuidores_cerca.java</file>
            <file>file:/C:/Users/pirat/Documents/NetBeansProjects/wilson/wilson/src/wilson/informacion_garantia.java</file>
            <file>file:/C:/Users/pirat/Documents/NetBeansProjects/wilson/wilson/src/wilson/principal.java</file>
            <file>file:/C:/Users/pirat/Documents/NetBeansProjects/wilson/wilson/src/wilson/elecion_tipo_moto.java</file>
            <file>file:/C:/Users/pirat/Documents/NetBeansProjects/wilson/wilson/src/wilson/elecion_moto.java</file>
            <file>file:/C:/Users/pirat/Documents/NetBeansProjects/wilson/wilson/src/wilson/producto/cross.java</file>
            <file>file:/C:/Users/pirat/Documents/NetBeansProjects/wilson/wilson/src/wilson/producto/call.java</file>
            <file>file:/C:/Users/pirat/Documents/NetBeansProjects/wilson/wilson/src/wilson/producto/dep.java</file>
            <file>file:/C:/Users/pirat/Documents/NetBeansProjects/wilson/wilson/src/wilson/producto/turi.java</file>
            <file>file:/C:/Users/pirat/Documents/NetBeansProjects/wilson/wilson/src/wilson/producto/aven.java</file>
            <file>file:/C:/Users/pirat/Documents/NetBeansProjects/wilson/wilson/src/wilson/producto/scoot.java</file>
        </group>
    </open-files>
</project-private>
